x1,x2,x3,x4,x5,x6
1,1,1,5,1,1
1,2,2,6,2,2
2,3,3,10,3,3
2,4,3,12,5,5
3,5,5,20,8,10
3,6,6,24,13,15
4,7,8,40,21,25
4,8,11,48,34,50
5,9,14,80,55,75
5,10,19,96,89,125
6,11,25,160,144,250
6,12,33,192,233,375
7,13,44,320,377,625
7,14,58,384,610,1250
8,15,77,640,987,1875
9,16,102,768,1597,3125
10,17,135,1280,2584,6250
11,18,179,1536,4181,9375
12,19,237,2560,6765,15625
13,20,314,3072,10946,31250
14,21,416,5120,17711,46875
15,22,551,6144,28657,78125
16,23,730,10240,46368,156250
17,24,967,12288,75025,234375
18,25,1281,20480,121393,390625
19,26,1697,24576,196418,781250
20,27,2248,40960,317811,1171875
21,28,2978,49152,514229,1953125
22,29,3945,81920,832040,3906250
23,30,5226,98304,1346269,5859375
24,31,6923,163840,2178309,9765625
25,32,9171,196608,3524578,19531250
26,33,12149,327680,5702887,29296875
27,34,16094,393216,9227465,48828125
28,35,21320,655360,14930352,97656250
29,36,28243,786432,24157817,146484375
30,37,37414,1310720,39088169,244140625
31,38,49563,1572864,63245986,488281250
32,39,65657,2621440,102334155,732421875
33,40,86977,3145728,165580141,1220703125
34,41,115220,5242880,267914296,2441406250
35,42,152634,6291456,433494437,3662109375
36,43,202197,10485760,701408733,6103515625
37,44,267854,12582912,1134903170,12207031250
38,45,354831,20971520,1836311903,18310546875
39,46,470051,25165824,2971215073,30517578125
40,47,622685,41943040,4807526976,61035156250
41,48,824882,50331648,7778742049,91552734375
42,49,1092736,83886080,12586269025,1.52588E+11
43,50,1447567,100663296,20365011074,3.05176E+11
44,51,1917618,167772160,32951280099,4.57764E+11
45,52,2540303,201326592,53316291173,7.62939E+11
46,53,3365185,335544320,86267571272,1.52588E+12
47,54,4457921,402653184,1.39584E+11,2.28882E+12
48,55,5905488,671088640,2.25851E+11,3.8147E+12
49,56,7823106,805306368,3.65435E+11,7.62939E+12
50,57,10363409,1342177280,5.91287E+11,1.14441E+13
51,58,13728594,1610612736,9.56722E+11,1.90735E+13
52,59,18186515,2684354560,1.54801E+12,3.8147E+13
53,60,24092003,3221225472,2.50473E+12,5.72205E+13
54,61,31915109,5368709120,4.05274E+12,9.53674E+13
55,62,42278518,6442450944,6.55747E+12,1.90735E+14
56,63,56007112,10737418240,1.06102E+13,2.86102E+14
57,64,74193627,12884901888,1.71677E+13,4.76837E+14
58,65,98285630,21474836480,2.77779E+13,9.53674E+14
59,66,130200739,25769803776,4.49456E+13,1.43051E+15
60,67,172479257,42949672960,7.27235E+13,2.38419E+15
61,68,228486369,51539607552,1.17669E+14,4.76837E+15
62,69,302679996,85899345920,1.90392E+14,7.15256E+15
63,70,400965626,1.03079E+11,3.08062E+14,1.19209E+16
64,71,531166365,1.71799E+11,4.98454E+14,2.38419E+16
65,72,703645622,2.06158E+11,8.06516E+14,3.57628E+16
66,73,932131991,3.43597E+11,1.30497E+15,5.96046E+16
67,74,1234811987,4.12317E+11,2.11149E+15,1.19209E+17
68,75,1635777613,6.87195E+11,3.41645E+15,1.78814E+17
69,76,2166943978,8.24634E+11,5.52794E+15,2.98023E+17
70,77,2870589600,1.37439E+12,8.94439E+15,5.96046E+17
71,78,3802721591,1.64927E+12,1.44723E+16,8.9407E+17
72,79,5037533578,2.74878E+12,2.34167E+16,1.49012E+18
73,80,6673311191,3.29853E+12,3.78891E+16,2.98023E+18
74,81,8840255169,5.49756E+12,6.13058E+16,4.47035E+18
75,82,11710844769,6.59707E+12,9.91949E+16,7.45058E+18
76,83,15513566360,1.09951E+13,1.60501E+17,1.49012E+19
77,84,20551099938,1.31941E+13,2.59695E+17,2.23517E+19
78,85,27224411129,2.19902E+13,4.20196E+17,3.72529E+19
79,86,36064666298,2.63883E+13,6.79892E+17,7.45058E+19
80,87,47775511067,4.39805E+13,1.10009E+18,1.11759E+20
81,88,63289077427,5.27766E+13,1.77998E+18,1.86265E+20
82,89,83840177365,8.79609E+13,2.88007E+18,3.72529E+20
83,90,1.11065E+11,1.05553E+14,4.66005E+18,5.58794E+20
84,91,1.47129E+11,1.75922E+14,7.54011E+18,9.31323E+20
85,92,1.94905E+11,2.11106E+14,1.22002E+19,1.86265E+21
86,93,2.58194E+11,3.51844E+14,1.97403E+19,2.79397E+21
87,94,3.42034E+11,4.22212E+14,3.19404E+19,4.65661E+21
88,95,4.53099E+11,7.03687E+14,5.16807E+19,9.31323E+21
89,96,6.00228E+11,8.44425E+14,8.36211E+19,1.39698E+22
90,97,7.95133E+11,1.40737E+15,1.35302E+20,2.32831E+22
91,98,1.05333E+12,1.68885E+15,2.18923E+20,4.65661E+22
92,99,1.39536E+12,2.81475E+15,3.54225E+20,6.98492E+22
93,100,1.84846E+12,3.3777E+15,5.73148E+20,1.16415E+23
94,101,2.44869E+12,5.6295E+15,9.27373E+20,2.32831E+23
95,102,3.24382E+12,6.7554E+15,1.50052E+21,3.49246E+23
96,103,4.29715E+12,1.1259E+16,2.42789E+21,5.82077E+23
97,104,5.69251E+12,1.35108E+16,3.92841E+21,1.16415E+24
98,105,7.54097E+12,2.2518E+16,6.35631E+21,1.74623E+24
99,106,9.98965E+12,2.70216E+16,1.02847E+22,2.91038E+24
100,107,1.32335E+13,4.5036E+16,1.6641E+22,5.82077E+24
101,108,1.75306E+13,5.40432E+16,2.69257E+22,8.73115E+24
102,109,2.32231E+13,9.0072E+16,4.35668E+22,1.45519E+25
103,110,3.07641E+13,1.08086E+17,7.04925E+22,2.91038E+25
104,111,4.07537E+13,1.80144E+17,1.14059E+23,4.36557E+25
105,112,5.39872E+13,2.16173E+17,1.84552E+23,7.27596E+25
106,113,7.15178E+13,3.60288E+17,2.98611E+23,1.45519E+26
107,114,9.4741E+13,4.32346E+17,4.83163E+23,2.18279E+26
108,115,1.25505E+14,7.20576E+17,7.81774E+23,3.63798E+26
109,116,1.66259E+14,8.64691E+17,1.26494E+24,7.27596E+26
110,117,2.20246E+14,1.44115E+18,2.04671E+24,1.09139E+27
111,118,2.91764E+14,1.72938E+18,3.31165E+24,1.81899E+27
112,119,3.86505E+14,2.8823E+18,5.35836E+24,3.63798E+27
113,120,5.1201E+14,3.45876E+18,8.67001E+24,5.45697E+27
114,121,6.78269E+14,5.76461E+18,1.40284E+25,9.09495E+27
115,122,8.98515E+14,6.91753E+18,2.26984E+25,1.81899E+28
116,123,1.19028E+15,1.15292E+19,3.67267E+25,2.72848E+28
117,124,1.57678E+15,1.38351E+19,5.94251E+25,4.54747E+28
118,125,2.08879E+15,2.30584E+19,9.61519E+25,9.09495E+28
119,126,2.76706E+15,2.76701E+19,1.55577E+26,1.36424E+29
120,127,3.66558E+15,4.61169E+19,2.51729E+26,2.27374E+29
121,128,4.85585E+15,5.53402E+19,4.07306E+26,4.54747E+29
122,129,6.43264E+15,9.22337E+19,6.59035E+26,6.82121E+29
123,130,8.52143E+15,1.1068E+20,1.06634E+27,1.13687E+30
124,131,1.12885E+16,1.84467E+20,1.72538E+27,2.27374E+30
125,132,1.49541E+16,2.21361E+20,2.79172E+27,3.41061E+30
126,133,1.98099E+16,3.68935E+20,4.51709E+27,5.68434E+30
127,134,2.62426E+16,4.42722E+20,7.30881E+27,1.13687E+31
128,135,3.4764E+16,7.3787E+20,1.18259E+28,1.7053E+31
129,136,4.60525E+16,8.85444E+20,1.91347E+28,2.84217E+31
130,137,6.10066E+16,1.47574E+21,3.09606E+28,5.68434E+31
131,138,8.08165E+16,1.77089E+21,5.00953E+28,8.52651E+31
132,139,1.07059E+17,2.95148E+21,8.10559E+28,1.42109E+32
133,140,1.41823E+17,3.54177E+21,1.31151E+29,2.84217E+32
134,141,1.87876E+17,5.90296E+21,2.12207E+29,4.26326E+32
135,142,2.48882E+17,7.08355E+21,3.43358E+29,7.10543E+32
136,143,3.29699E+17,1.18059E+22,5.55565E+29,1.42109E+33
137,144,4.36758E+17,1.41671E+22,8.98924E+29,2.13163E+33
138,145,5.78581E+17,2.36118E+22,1.45449E+30,3.55271E+33
139,146,7.66456E+17,2.83342E+22,2.35341E+30,7.10543E+33
140,147,1.01534E+18,4.72237E+22,3.8079E+30,1.06581E+34
141,148,1.34504E+18,5.66684E+22,6.16131E+30,1.77636E+34
142,149,1.78179E+18,9.44473E+22,9.96922E+30,3.55271E+34
143,150,2.36038E+18,1.13337E+23,1.61305E+31,5.32907E+34
144,151,3.12683E+18,1.88895E+23,2.60997E+31,8.88178E+34
145,152,4.14217E+18,2.26674E+23,4.22303E+31,1.77636E+35
146,153,5.48721E+18,3.77789E+23,6.833E+31,2.66454E+35
147,154,7.269E+18,4.53347E+23,1.1056E+32,4.44089E+35
148,155,9.62938E+18,7.55579E+23,1.7889E+32,8.88178E+35
149,156,1.27562E+19,9.06694E+23,2.89451E+32,1.33227E+36
150,157,1.68984E+19,1.51116E+24,4.68341E+32,2.22045E+36
151,158,2.23856E+19,1.81339E+24,7.57792E+32,4.44089E+36
152,159,2.96546E+19,3.02231E+24,1.22613E+33,6.66134E+36
153,160,3.9284E+19,3.62678E+24,1.98392E+33,1.11022E+37
154,161,5.20402E+19,6.04463E+24,3.21006E+33,2.22045E+37
155,162,6.89385E+19,7.25355E+24,5.19398E+33,3.33067E+37
156,163,9.13241E+19,1.20893E+25,8.40404E+33,5.55112E+37
157,164,1.20979E+20,1.45071E+25,1.3598E+34,1.11022E+38
158,165,1.60263E+20,2.41785E+25,2.20021E+34,1.66533E+38
159,166,2.12303E+20,2.90142E+25,3.56001E+34,2.77556E+38
160,167,2.81241E+20,4.8357E+25,5.76021E+34,5.55112E+38
161,168,3.72566E+20,5.80284E+25,9.32022E+34,8.32667E+38
162,169,4.93544E+20,9.67141E+25,1.50804E+35,1.38778E+39
163,170,6.53807E+20,1.16057E+26,2.44007E+35,2.77556E+39
164,171,8.6611E+20,1.93428E+26,3.94811E+35,4.16334E+39
165,172,1.14735E+21,2.32114E+26,6.38817E+35,6.93889E+39
166,173,1.51992E+21,3.86856E+26,1.03363E+36,1.38778E+40
167,174,2.01346E+21,4.64228E+26,1.67245E+36,2.08167E+40
168,175,2.66727E+21,7.73713E+26,2.70607E+36,3.46945E+40
169,176,3.53338E+21,9.28455E+26,4.37852E+36,6.93889E+40
170,177,4.68073E+21,1.54743E+27,7.08459E+36,1.04083E+41
171,178,6.20065E+21,1.85691E+27,1.14631E+37,1.73472E+41
172,179,8.21411E+21,3.09485E+27,1.85477E+37,3.46945E+41
173,180,1.08814E+22,3.71382E+27,3.00108E+37,5.20417E+41
174,181,1.44148E+22,6.1897E+27,4.85585E+37,8.67362E+41
175,182,1.90955E+22,7.42764E+27,7.85694E+37,1.73472E+42
176,183,2.52961E+22,1.23794E+28,1.27128E+38,2.60209E+42
177,184,3.35102E+22,1.48553E+28,2.05697E+38,4.33681E+42
178,185,4.43916E+22,2.47588E+28,3.32825E+38,8.67362E+42
179,186,5.88064E+22,2.97106E+28,5.38522E+38,1.30104E+43
180,187,7.79018E+22,4.95176E+28,8.71347E+38,2.1684E+43
181,188,1.03198E+23,5.94211E+28,1.40987E+39,4.33681E+43
182,189,1.36708E+23,9.90352E+28,2.28122E+39,6.50521E+43
183,190,1.811E+23,1.18842E+29,3.69109E+39,1.0842E+44
184,191,2.39906E+23,1.9807E+29,5.9723E+39,2.1684E+44
185,192,3.17808E+23,2.37684E+29,9.66339E+39,3.25261E+44
186,193,4.21006E+23,3.96141E+29,1.56357E+40,5.42101E+44
187,194,5.57714E+23,4.75369E+29,2.52991E+40,1.0842E+45
188,195,7.38814E+23,7.92282E+29,4.09348E+40,1.6263E+45
189,196,9.7872E+23,9.50738E+29,6.62339E+40,2.71051E+45
190,197,1.29653E+24,1.58456E+30,1.07169E+41,5.42101E+45
191,198,1.71753E+24,1.90148E+30,1.73403E+41,8.13152E+45
192,199,2.27525E+24,3.16913E+30,2.80571E+41,1.35525E+46
193,200,3.01406E+24,3.80295E+30,4.53974E+41,2.71051E+46
194,201,3.99278E+24,6.33825E+30,7.34545E+41,4.06576E+46
195,202,5.28931E+24,7.6059E+30,1.18852E+42,6.77626E+46
196,203,7.00684E+24,1.26765E+31,1.92306E+42,1.35525E+47
197,204,9.28209E+24,1.52118E+31,3.11158E+42,2.03288E+47
198,205,1.22962E+25,2.5353E+31,5.03465E+42,3.38813E+47
199,206,1.62889E+25,3.04236E+31,8.14623E+42,6.77626E+47
200,207,2.15782E+25,5.0706E+31,1.31809E+43,1.01644E+48
201,208,2.85851E+25,6.08472E+31,2.13271E+43,1.69407E+48
202,209,3.78672E+25,1.01412E+32,3.4508E+43,3.38813E+48
203,210,5.01633E+25,1.21694E+32,5.58351E+43,5.0822E+48
204,211,6.64523E+25,2.02824E+32,9.0343E+43,8.47033E+48
205,212,8.80305E+25,2.43389E+32,1.46178E+44,1.69407E+49
206,213,1.16616E+26,4.05648E+32,2.36521E+44,2.5411E+49
207,214,1.54483E+26,4.86778E+32,3.82699E+44,4.23516E+49
208,215,2.04646E+26,8.11296E+32,6.1922E+44,8.47033E+49
209,216,2.71098E+26,9.73556E+32,1.00192E+45,1.27055E+50
210,217,3.59129E+26,1.62259E+33,1.62114E+45,2.11758E+50
211,218,4.75745E+26,1.94711E+33,2.62306E+45,4.23516E+50
212,219,6.30227E+26,3.24519E+33,4.2442E+45,6.35275E+50
213,220,8.34873E+26,3.89422E+33,6.86726E+45,1.05879E+51
214,221,1.10597E+27,6.49037E+33,1.11115E+46,2.11758E+51
215,222,1.4651E+27,7.78845E+33,1.79787E+46,3.17637E+51
216,223,1.94085E+27,1.29807E+34,2.90902E+46,5.29396E+51
217,224,2.57107E+27,1.55769E+34,4.70689E+46,1.05879E+52
218,225,3.40595E+27,2.59615E+34,7.61591E+46,1.58819E+52
219,226,4.51192E+27,3.11538E+34,1.23228E+47,2.64698E+52
220,227,5.97702E+27,5.1923E+34,1.99387E+47,5.29396E+52
221,228,7.91786E+27,6.23076E+34,3.22615E+47,7.94093E+52
222,229,1.04889E+28,1.03846E+35,5.22002E+47,1.32349E+53
223,230,1.38949E+28,1.24615E+35,8.44617E+47,2.64698E+53
224,231,1.84068E+28,2.07692E+35,1.36662E+48,3.97047E+53
225,232,2.43838E+28,2.4923E+35,2.21124E+48,6.61744E+53
226,233,3.23017E+28,4.15384E+35,3.57786E+48,1.32349E+54
227,234,4.27906E+28,4.9846E+35,5.78909E+48,1.98523E+54
228,235,5.66855E+28,8.30767E+35,9.36695E+48,3.30872E+54
229,236,7.50923E+28,9.96921E+35,1.5156E+49,6.61744E+54
230,237,9.94761E+28,1.66153E+36,2.4523E+49,9.92617E+54
231,238,1.31778E+29,1.99384E+36,3.9679E+49,1.65436E+55
232,239,1.74568E+29,3.32307E+36,6.4202E+49,3.30872E+55
233,240,2.31254E+29,3.98768E+36,1.03881E+50,4.96308E+55
234,241,3.06346E+29,6.64614E+36,1.68083E+50,8.27181E+55
235,242,4.05822E+29,7.97537E+36,2.71964E+50,1.65436E+56
236,243,5.376E+29,1.32923E+37,4.40047E+50,2.48154E+56
237,244,7.12169E+29,1.59507E+37,7.12011E+50,4.1359E+56
238,245,9.43423E+29,2.65846E+37,1.15206E+51,8.27181E+56
239,246,1.24977E+30,3.19015E+37,1.86407E+51,1.24077E+57
240,247,1.65559E+30,5.31691E+37,3.01613E+51,2.06795E+57
241,248,2.19319E+30,6.38029E+37,4.8802E+51,4.1359E+57
242,249,2.90536E+30,1.06338E+38,7.89633E+51,6.20385E+57
243,250,3.84878E+30,1.27606E+38,1.27765E+52,1.03398E+58
244,251,5.09855E+30,2.12676E+38,2.06728E+52,2.06795E+58
245,252,6.75414E+30,2.55212E+38,3.34494E+52,3.10193E+58
246,253,8.94733E+30,4.25353E+38,5.41222E+52,5.16988E+58
247,254,1.18527E+31,5.10424E+38,8.75716E+52,1.03398E+59
248,255,1.57015E+31,8.50706E+38,1.41694E+53,1.55096E+59
249,256,2.08E+31,1.02085E+39,2.29265E+53,2.58494E+59
250,257,2.75542E+31,1.70141E+39,3.70959E+53,5.16988E+59
251,258,3.65015E+31,2.04169E+39,6.00225E+53,7.75482E+59
252,259,4.83542E+31,3.40282E+39,9.71184E+53,1.29247E+60
253,260,6.40557E+31,4.08339E+39,1.57141E+54,2.58494E+60
254,261,8.48557E+31,6.80565E+39,2.54259E+54,3.87741E+60
255,262,1.1241E+32,8.16678E+39,4.114E+54,6.46235E+60
256,263,1.48911E+32,1.36113E+40,6.65659E+54,1.29247E+61
257,264,1.97266E+32,1.63336E+40,1.07706E+55,1.9387E+61
258,265,2.61321E+32,2.72226E+40,1.74272E+55,3.23117E+61
259,266,3.46177E+32,3.26671E+40,2.81978E+55,6.46235E+61
260,267,4.58587E+32,5.44452E+40,4.5625E+55,9.69352E+61
261,268,6.07498E+32,6.53342E+40,7.38228E+55,1.61559E+62
262,269,8.04764E+32,1.0889E+41,1.19448E+56,3.23117E+62
263,270,1.06608E+33,1.30668E+41,1.9327E+56,4.84676E+62
264,271,1.41226E+33,2.17781E+41,3.12718E+56,8.07794E+62
265,272,1.87085E+33,2.61337E+41,5.05989E+56,1.61559E+63
266,273,2.47835E+33,4.35561E+41,8.18707E+56,2.42338E+63
267,274,3.28311E+33,5.22674E+41,1.3247E+57,4.03897E+63
268,275,4.3492E+33,8.71123E+41,2.1434E+57,8.07794E+63
269,276,5.76146E+33,1.04535E+42,3.4681E+57,1.21169E+64
270,277,7.63231E+33,1.74225E+42,5.6115E+57,2.01948E+64
271,278,1.01107E+34,2.09069E+42,9.0796E+57,4.03897E+64
272,279,1.33938E+34,3.48449E+42,1.46911E+58,6.05845E+64
273,280,1.7743E+34,4.18139E+42,2.37707E+58,1.00974E+65
274,281,2.35044E+34,6.96898E+42,3.84618E+58,2.01948E+65
275,282,3.11367E+34,8.36278E+42,6.22325E+58,3.02923E+65
276,283,4.12474E+34,1.3938E+43,1.00694E+59,5.04871E+65
277,284,5.46411E+34,1.67256E+43,1.62927E+59,1.00974E+66
278,285,7.23841E+34,2.78759E+43,2.63621E+59,1.51461E+66
279,286,9.58885E+34,3.34511E+43,4.26548E+59,2.52435E+66
280,287,1.27025E+35,5.57519E+43,6.90169E+59,5.04871E+66
281,288,1.68273E+35,6.69022E+43,1.11672E+60,7.57306E+66
282,289,2.22914E+35,1.11504E+44,1.80689E+60,1.26218E+67
283,290,2.95298E+35,1.33804E+44,2.9236E+60,2.52435E+67
284,291,3.91186E+35,2.23007E+44,4.73049E+60,3.78653E+67
285,292,5.18212E+35,2.67609E+44,7.65409E+60,6.31089E+67
286,293,6.86484E+35,4.46015E+44,1.23846E+61,1.26218E+68
287,294,9.09398E+35,5.35218E+44,2.00387E+61,1.89327E+68
288,295,1.2047E+36,8.9203E+44,3.24232E+61,3.15544E+68
289,296,1.59588E+36,1.07044E+45,5.24619E+61,6.31089E+68
290,297,2.11409E+36,1.78406E+45,8.48852E+61,9.46633E+68
291,298,2.80058E+36,2.14087E+45,1.37347E+62,1.57772E+69
292,299,3.70998E+36,3.56812E+45,2.22232E+62,3.15544E+69
293,300,4.91467E+36,4.28174E+45,3.59579E+62,4.73317E+69
294,301,6.51055E+36,7.13624E+45,5.81812E+62,7.88861E+69
295,302,8.62465E+36,8.56349E+45,9.41391E+62,1.57772E+70
296,303,1.14252E+37,1.42725E+46,1.5232E+63,2.36658E+70
297,304,1.51352E+37,1.7127E+46,2.46459E+63,3.9443E+70
298,305,2.00499E+37,2.8545E+46,3.9878E+63,7.88861E+70
299,306,2.65604E+37,3.42539E+46,6.45239E+63,1.18329E+71
300,307,3.51851E+37,5.70899E+46,1.04402E+64,1.97215E+71
301,308,4.66103E+37,6.85079E+46,1.68926E+64,3.9443E+71
302,309,6.17455E+37,1.1418E+47,2.73328E+64,5.91646E+71
303,310,8.17954E+37,1.37016E+47,4.42253E+64,9.86076E+71
304,311,1.08356E+38,2.2836E+47,7.15581E+64,1.97215E+72
305,312,1.43541E+38,2.74032E+47,1.15783E+65,2.95823E+72
306,313,1.90151E+38,4.56719E+47,1.87342E+65,4.93038E+72
307,314,2.51897E+38,5.48063E+47,3.03125E+65,9.86076E+72
308,315,3.33692E+38,9.13439E+47,4.90466E+65,1.47911E+73
309,316,4.42048E+38,1.09613E+48,7.93591E+65,2.46519E+73
310,317,5.85589E+38,1.82688E+48,1.28406E+66,4.93038E+73
311,318,7.7574E+38,2.19225E+48,2.07765E+66,7.39557E+73
312,319,1.02764E+39,3.65375E+48,3.36171E+66,1.2326E+74
313,320,1.36133E+39,4.3845E+48,5.43936E+66,2.46519E+74
314,321,1.80338E+39,7.30751E+48,8.80106E+66,3.69779E+74
315,322,2.38897E+39,8.76901E+48,1.42404E+67,6.16298E+74
316,323,3.16471E+39,1.4615E+49,2.30415E+67,1.2326E+75
317,324,4.19234E+39,1.7538E+49,3.72819E+67,1.84889E+75
318,325,5.55367E+39,2.923E+49,6.03234E+67,3.08149E+75
319,326,7.35705E+39,3.5076E+49,9.76053E+67,6.16298E+75
320,327,9.74601E+39,5.84601E+49,1.57929E+68,9.24446E+75
321,328,1.29107E+40,7.01521E+49,2.55534E+68,1.54074E+76
322,329,1.71031E+40,1.1692E+50,4.13463E+68,3.08149E+76
323,330,2.26567E+40,1.40304E+50,6.68997E+68,4.62223E+76
324,331,3.00138E+40,2.3384E+50,1.08246E+69,7.70372E+76
325,332,3.97598E+40,2.80608E+50,1.75146E+69,1.54074E+77
326,333,5.26705E+40,4.67681E+50,2.83392E+69,2.31112E+77
327,334,6.97736E+40,5.61217E+50,4.58537E+69,3.85186E+77
328,335,9.24303E+40,9.35361E+50,7.41929E+69,7.70372E+77
329,336,1.22444E+41,1.12243E+51,1.20047E+70,1.15556E+78
330,337,1.62204E+41,1.87072E+51,1.94239E+70,1.92593E+78
331,338,2.14874E+41,2.24487E+51,3.14286E+70,3.85186E+78
332,339,2.84648E+41,3.74144E+51,5.08525E+70,5.77779E+78
333,340,3.77078E+41,4.48973E+51,8.22811E+70,9.62965E+78
334,341,4.99522E+41,7.48289E+51,1.33134E+71,1.92593E+79
335,342,6.61726E+41,8.97947E+51,2.15415E+71,2.88889E+79
336,343,8.76601E+41,1.49658E+52,3.48549E+71,4.81482E+79
337,344,1.16125E+42,1.79589E+52,5.63963E+71,9.62965E+79
338,345,1.53833E+42,2.99316E+52,9.12512E+71,1.44445E+80
339,346,2.03785E+42,3.59179E+52,1.47648E+72,2.40741E+80
340,347,2.69958E+42,5.98631E+52,2.38899E+72,4.81482E+80
341,348,3.57618E+42,7.18357E+52,3.86546E+72,7.22224E+80
342,349,4.73742E+42,1.19726E+53,6.25445E+72,1.20371E+81
343,350,6.27575E+42,1.43671E+53,1.01199E+73,2.40741E+81
344,351,8.3136E+42,2.39452E+53,1.63744E+73,3.61112E+81
345,352,1.10132E+43,2.87343E+53,2.64943E+73,6.01853E+81
346,353,1.45894E+43,4.78905E+53,4.28686E+73,1.20371E+82
347,354,1.93268E+43,5.74686E+53,6.93629E+73,1.80556E+82
348,355,2.56025E+43,9.5781E+53,1.12232E+74,3.00927E+82
349,356,3.39161E+43,1.14937E+54,1.81594E+74,6.01853E+82
350,357,4.49293E+43,1.91562E+54,2.93826E+74,9.0278E+82
351,358,5.95187E+43,2.29874E+54,4.7542E+74,1.50463E+83
352,359,7.88454E+43,3.83124E+54,7.69246E+74,3.00927E+83
353,360,1.04448E+44,4.59749E+54,1.24467E+75,4.5139E+83
354,361,1.38364E+44,7.66248E+54,2.01391E+75,7.52316E+83
355,362,1.83293E+44,9.19497E+54,3.25858E+75,1.50463E+84
356,363,2.42812E+44,1.5325E+55,5.27249E+75,2.25695E+84
357,364,3.21657E+44,1.83899E+55,8.53107E+75,3.76158E+84
358,365,4.26105E+44,3.06499E+55,1.38036E+76,7.52316E+84
359,366,5.6447E+44,3.67799E+55,2.23346E+76,1.12847E+85
360,367,7.47763E+44,6.12998E+55,3.61382E+76,1.88079E+85
361,368,9.90575E+44,7.35598E+55,5.84728E+76,3.76158E+85
362,369,1.31223E+45,1.226E+56,9.46111E+76,5.64237E+85
363,370,1.73834E+45,1.4712E+56,1.53084E+77,9.40395E+85
364,371,2.30281E+45,2.45199E+56,2.47695E+77,1.88079E+86
365,372,3.05057E+45,2.94239E+56,4.00779E+77,2.82119E+86
366,373,4.04115E+45,4.90399E+56,6.48474E+77,4.70198E+86
367,374,5.35338E+45,5.88478E+56,1.04925E+78,9.40395E+86
368,375,7.09172E+45,9.80797E+56,1.69773E+78,1.41059E+87
369,376,9.39452E+45,1.17696E+57,2.74698E+78,2.35099E+87
370,377,1.24451E+46,1.96159E+57,4.44471E+78,4.70198E+87
371,378,1.64862E+46,2.35391E+57,7.19168E+78,7.05297E+87
372,379,2.18396E+46,3.92319E+57,1.16364E+79,1.17549E+88
373,380,2.89313E+46,4.70783E+57,1.88281E+79,2.35099E+88
374,381,3.83259E+46,7.84638E+57,3.04645E+79,3.52648E+88
375,382,5.07709E+46,9.41565E+57,4.92925E+79,5.87747E+88
376,383,6.72572E+46,1.56928E+58,7.9757E+79,1.17549E+89
377,384,8.90968E+46,1.88313E+58,1.2905E+80,1.76324E+89
378,385,1.18028E+47,3.13855E+58,2.08807E+80,2.93874E+89
379,386,1.56354E+47,3.76626E+58,3.37856E+80,5.87747E+89
380,387,2.07125E+47,6.2771E+58,5.46663E+80,8.81621E+89
381,388,2.74382E+47,7.53252E+58,8.84519E+80,1.46937E+90
382,389,3.63479E+47,1.25542E+59,1.43118E+81,2.93874E+90
383,390,4.81507E+47,1.5065E+59,2.3157E+81,4.4081E+90
384,391,6.37861E+47,2.51084E+59,3.74688E+81,7.34684E+90
385,392,8.44986E+47,3.01301E+59,6.06258E+81,1.46937E+91
386,393,1.11937E+48,5.02168E+59,9.80946E+81,2.20405E+91
387,394,1.48285E+48,6.02602E+59,1.5872E+82,3.67342E+91
388,395,1.96435E+48,1.00434E+60,2.56815E+82,7.34684E+91
389,396,2.60222E+48,1.2052E+60,4.15536E+82,1.10203E+92
390,397,3.4472E+48,2.00867E+60,6.72351E+82,1.83671E+92
391,398,4.56657E+48,2.41041E+60,1.08789E+83,3.67342E+92
392,399,6.04942E+48,4.01735E+60,1.76024E+83,5.51013E+92
393,400,8.01377E+48,4.82081E+60,2.84812E+83,9.18355E+92
394,401,1.0616E+49,8.03469E+60,4.60836E+83,1.83671E+93
395,402,1.40632E+49,9.64163E+60,7.45648E+83,2.75506E+93
396,403,1.86298E+49,1.60694E+61,1.20648E+84,4.59177E+93
397,404,2.46792E+49,1.92833E+61,1.95213E+84,9.18355E+93
398,405,3.26929E+49,3.21388E+61,3.15862E+84,1.37753E+94
399,406,4.33089E+49,3.85665E+61,5.11075E+84,2.29589E+94
400,407,5.73721E+49,6.42775E+61,8.26937E+84,4.59177E+94
401,408,7.60019E+49,7.7133E+61,1.33801E+85,6.88766E+94
402,409,1.00681E+50,1.28555E+62,2.16495E+85,1.14794E+95
403,410,1.33374E+50,1.54266E+62,3.50296E+85,2.29589E+95
404,411,1.76683E+50,2.5711E+62,5.66791E+85,3.44383E+95
405,412,2.34055E+50,3.08532E+62,9.17087E+85,5.73972E+95
406,413,3.10057E+50,5.1422E+62,1.48388E+86,1.14794E+96
407,414,4.10738E+50,6.17064E+62,2.40096E+86,1.72192E+96
408,415,5.44112E+50,1.02844E+63,3.88484E+86,2.86986E+96
409,416,7.20795E+50,1.23413E+63,6.28581E+86,5.73972E+96
410,417,9.5485E+50,2.05688E+63,1.01706E+87,8.60958E+96
411,418,1.26491E+51,2.46826E+63,1.64565E+87,1.43493E+97
412,419,1.67564E+51,4.11376E+63,2.66271E+87,2.86986E+97
413,420,2.21976E+51,4.93651E+63,4.30836E+87,4.30479E+97
414,421,2.94055E+51,8.22752E+63,6.97107E+87,7.17465E+97
415,422,3.8954E+51,9.87303E+63,1.12794E+88,1.43493E+98
416,423,5.16031E+51,1.6455E+64,1.82505E+88,2.15239E+98
417,424,6.83595E+51,1.97461E+64,2.95299E+88,3.58732E+98
418,425,9.05571E+51,3.29101E+64,4.77804E+88,7.17465E+98
419,426,1.19963E+52,3.94921E+64,7.73103E+88,1.0762E+99
420,427,1.58917E+52,6.58202E+64,1.25091E+89,1.7937E+99
421,428,2.1052E+52,7.89842E+64,2.02401E+89,3.5873E+99
422,429,2.78879E+52,1.3164E+65,3.27492E+89,5.381E+99
423,430,3.69436E+52,1.57968E+65,5.29893E+89,8.9683E+99
424,431,4.89399E+52,2.63281E+65,8.57384E+89,1.7937E+100
425,432,6.48316E+52,3.15937E+65,1.38728E+90,2.6905E+100
426,433,8.58835E+52,5.26561E+65,2.24466E+90,4.4842E+100
427,434,1.13771E+53,6.31874E+65,3.63194E+90,8.9683E+100
428,435,1.50715E+53,1.05312E+66,5.8766E+90,1.3452E+101
429,436,1.99655E+53,1.26375E+66,9.50854E+90,2.2421E+101
430,437,2.64487E+53,2.10625E+66,1.53851E+91,4.4842E+101
431,438,3.5037E+53,2.5275E+66,2.48937E+91,6.7262E+101
432,439,4.64141E+53,4.21249E+66,4.02788E+91,1.121E+102
433,440,6.14857E+53,5.05499E+66,6.51725E+91,2.2421E+102
434,441,8.14512E+53,8.42498E+66,1.05451E+92,3.3631E+102
435,442,1.079E+54,1.011E+67,1.70624E+92,5.6052E+102
436,443,1.42937E+54,1.685E+67,2.76075E+92,1.121E+103
437,444,1.89351E+54,2.022E+67,4.46699E+92,1.6816E+103
438,445,2.50837E+54,3.36999E+67,7.22774E+92,2.8026E+103
439,446,3.32288E+54,4.04399E+67,1.16947E+93,5.6052E+103
440,447,4.40188E+54,6.73999E+67,1.89225E+93,8.4078E+103
441,448,5.83124E+54,8.08798E+67,3.06172E+93,1.4013E+104
442,449,7.72475E+54,1.348E+68,4.95397E+93,2.8026E+104
443,450,1.02331E+55,1.6176E+68,8.01569E+93,4.2039E+104
444,451,1.3556E+55,2.69599E+68,1.29697E+94,7.0065E+104
445,452,1.79579E+55,3.23519E+68,2.09853E+94,1.4013E+105
446,453,2.37891E+55,5.39199E+68,3.3955E+94,2.1019E+105
447,454,3.15139E+55,6.47039E+68,5.49403E+94,3.5032E+105
448,455,4.1747E+55,1.0784E+69,8.88953E+94,7.0065E+105
449,456,5.5303E+55,1.29408E+69,1.43836E+95,1.051E+106
450,457,7.32609E+55,2.1568E+69,2.32731E+95,1.7516E+106
451,458,9.705E+55,2.58815E+69,3.76567E+95,3.5032E+106
452,459,1.28564E+56,4.31359E+69,6.09298E+95,5.2549E+106
453,460,1.70311E+56,5.17631E+69,9.85864E+95,8.7581E+106
454,461,2.25614E+56,8.62718E+69,1.59516E+96,1.7516E+107
455,462,2.98875E+56,1.03526E+70,2.58103E+96,2.6274E+107
456,463,3.95925E+56,1.72544E+70,4.17619E+96,4.3791E+107
457,464,5.24489E+56,2.07052E+70,6.75721E+96,8.7581E+107
458,465,6.94799E+56,3.45087E+70,1.09334E+97,1.3137E+108
459,466,9.20413E+56,4.14105E+70,1.76906E+97,2.1895E+108
460,467,1.21929E+57,6.90175E+70,2.8624E+97,4.3791E+108
461,468,1.61521E+57,8.2821E+70,4.63146E+97,6.5686E+108
462,469,2.1397E+57,1.38035E+71,7.49387E+97,1.0948E+109
463,470,2.8345E+57,1.65642E+71,1.21253E+98,2.1895E+109
464,471,3.75491E+57,2.7607E+71,1.96192E+98,3.2843E+109
465,472,4.9742E+57,3.31284E+71,3.17445E+98,5.4738E+109
466,473,6.58941E+57,5.5214E+71,5.13637E+98,1.0948E+110
467,474,8.72911E+57,6.62568E+71,8.31082E+98,1.6421E+110
468,475,1.15636E+58,1.10428E+72,1.3447E+99,2.7369E+110
469,476,1.53185E+58,1.32514E+72,2.1758E+99,5.4738E+110
470,477,2.02927E+58,2.20856E+72,3.5205E+99,8.2107E+110
471,478,2.68821E+58,2.65027E+72,5.6963E+99,1.3685E+111
472,479,3.56113E+58,4.41712E+72,9.2168E+99,2.7369E+111
473,480,4.71749E+58,5.30054E+72,1.4913E+100,4.1054E+111
474,481,6.24934E+58,8.83424E+72,2.413E+100,6.8423E+111
475,482,8.27861E+58,1.06011E+73,3.9043E+100,1.3685E+112
476,483,1.09668E+59,1.76685E+73,6.3173E+100,2.0527E+112
477,484,1.4528E+59,2.12022E+73,1.0222E+101,3.4211E+112
478,485,1.92454E+59,3.53369E+73,1.6539E+101,6.8423E+112
479,486,2.54948E+59,4.24043E+73,2.6761E+101,1.0263E+113
480,487,3.37734E+59,7.06739E+73,4.33E+101,1.7106E+113
481,488,4.47402E+59,8.48087E+73,7.006E+101,3.4211E+113
482,489,5.92682E+59,1.41348E+74,1.1336E+102,5.1317E+113
483,490,7.85136E+59,1.69617E+74,1.8342E+102,8.5528E+113
484,491,1.04008E+60,2.82696E+74,2.9678E+102,1.7106E+114
485,492,1.37782E+60,3.39235E+74,4.802E+102,2.5659E+114
486,493,1.82522E+60,5.65391E+74,7.7698E+102,4.2764E+114
487,494,2.4179E+60,6.78469E+74,1.2572E+103,8.5528E+114
488,495,3.20304E+60,1.13078E+75,2.0342E+103,1.2829E+115
489,496,4.24312E+60,1.35694E+75,3.2913E+103,2.1382E+115
490,497,5.62094E+60,2.26156E+75,5.3255E+103,4.2764E+115
491,498,7.44616E+60,2.71388E+75,8.6168E+103,6.4146E+115
492,499,9.86406E+60,4.52313E+75,1.3942E+104,1.0691E+116
493,500,1.30671E+61,5.42775E+75,2.2559E+104,2.1382E+116
